ID,Name
0,topic0
1,topic1
2,topic2
3,topic3
4,topic4
5,topic5
6,topic6
7,topic7
8,topic8
9,topic9
10,topic10
11,topic11
12,topic12
13,topic13
14,topic14
15,topic15
16,topic16
17,topic17
18,topic18
19,topic19
20,topic20
21,topic21
22,topic22
23,topic23
24,topic24
25,topic25
26,topic26
27,topic27
28,topic28
29,topic29
30,topic30
31,topic31
32,topic32
33,topic33
34,topic34
35,topic35
36,topic36
37,topic37
38,topic38
39,topic39
40,topic40
41,topic41
42,topic42
43,topic43
44,topic44
45,topic45
46,topic46
47,topic47
48,topic48
49,topic49
50,topic50
51,topic51
52,topic52
53,topic53
54,topic54
55,topic55
56,topic56
57,topic57
58,topic58
59,topic59
60,topic60
61,topic61
62,topic62
63,topic63
64,topic64
65,topic65
66,topic66
67,topic67
68,topic68
69,topic69
70,topic70
71,topic71
72,topic72
73,topic73
74,topic74
75,topic75
76,topic76
77,topic77
78,topic78
79,topic79
80,topic80
81,topic81
82,topic82
83,topic83
84,topic84
85,topic85
86,topic86
87,topic87
88,topic88
89,topic89
90,topic90
91,topic91
92,topic92
93,topic93
94,topic94
95,topic95
96,topic96
97,topic97
98,topic98
99,topic99